employee_id,first_name,department,job_role,gender,age,city,experience_years,salary,performance_score,attendance_percentage,projects_completed,work_mode,education,joining_year,manager_id,bonus,satisfaction_score
E1001,Akhil,Marketing,SEO Analyst,Male,43,Chennai,12,87492,65,96.7,4,Remote,BCom,2020,M102,28967,7
E1002,Arjun,Operations,Process Analyst,Female,49,Hyderabad,5,60976,79,82.3,11,Remote,MCA,2018,M107,3267,4
E1003,Reshma,Finance,Accountant,Female,34,Bangalore,4,60086,63,75.4,2,Remote,BSc,2022,M108,14206,6
E1004,Sneha,Operations,Process Analyst,Female,26,Pune,0,32585,96,89.2,13,Remote,MCA,2025,M102,6297,9
E1005,Sneha,Marketing,SEO Analyst,Male,48,Kochi,13,84629,94,96.1,13,Hybrid,MSc,2023,M110,23243,7
E1006,Akhil,Marketing,Marketing Executive,Female,21,Hyderabad,12,90608,62,75.1,11,Remote,BTech,2023,M103,14666,8
E1007,Sneha,HR,Recruiter,Male,36,Trivandrum,6,62920,77,91.7,5,Remote,BSc,2023,M106,26538,6
E1008,Aparna,IT,ML Engineer,Male,29,Trivandrum,2,48472,69,77.8,12,Office,MBA,2022,M101,10755,8
E1009,Rohan,Marketing,Marketing Executive,Female,33,Trivandrum,13,93792,76,97.0,10,Office,BCom,2024,M105,4693,7
E1010,Rohan,Marketing,SEO Analyst,Male,48,Kochi,11,88650,93,97.7,1,Office,MBA,2024,M104,24248,6
E1011,Arjun,Operations,Operations Manager,Female,32,Trivandrum,7,62286,86,88.0,9,Office,BCom,2016,M110,19675,9
E1012,Vishnu,HR,HR Executive,Male,39,Pune,2,40009,56,88.3,10,Hybrid,BSc,2022,M108,22602,4
E1013,Fathima,Operations,Operations Executive,Male,48,Chennai,7,51809,60,92.4,3,Remote,BSc,2018,M110,3986,10
E1014,Arjun,Finance,Finance Executive,Female,28,Kochi,3,54382,65,83.5,9,Hybrid,BCom,2025,M103,18646,7
E1015,Varun,HR,Recruiter,Male,36,Pune,15,96111,66,89.0,11,Remote,BTech,2024,M103,11874,6
E1016,Devika,Marketing,Content Strategist,Male,28,Hyderabad,7,74390,92,91.7,14,Remote,BCom,2024,M103,4200,8
E1017,Rahul,HR,HR Executive,Male,24,Kochi,15,89624,58,80.9,5,Remote,MBA,2016,M101,29311,7
E1018,Neha,Finance,Financial Analyst,Male,39,Pune,2,45831,62,90.8,2,Office,BCom,2016,M101,29643,8
E1019,Varun,Finance,Financial Analyst,Male,34,Mumbai,3,53450,60,84.3,9,Office,MSc,2016,M105,18990,6
E1020,Arjun,Marketing,Content Strategist,Female,38,Kochi,0,30190,96,98.4,10,Remote,BCom,2023,M102,9455,10
E1021,Anjali,Operations,Process Analyst,Male,28,Kochi,6,57653,63,92.6,7,Office,MCA,2022,M110,7986,5
E1022,Nikhil,IT,Tester,Male,28,Pune,7,73491,70,76.3,3,Remote,BSc,2017,M102,24303,10
E1023,Diya,Operations,Process Analyst,Male,42,Chennai,2,47055,91,88.1,5,Office,BSc,2021,M104,6142,6
E1024,Diya,Marketing,SEO Analyst,Male,37,Trivandrum,15,75985,73,86.0,7,Hybrid,MSc,2025,M105,7949,10
E1025,Arjun,IT,ML Engineer,Female,50,Pune,11,79713,79,91.5,5,Office,MSc,2022,M105,17125,8
E1026,Sanjay,Finance,Accountant,Female,45,Mumbai,11,63862,68,77.3,15,Office,BCom,2019,M105,13151,5
E1027,Diya,HR,Recruiter,Male,24,Bangalore,15,104772,85,75.4,3,Hybrid,BTech,2023,M105,18364,7
E1028,Amal,HR,Recruiter,Male,48,Kochi,0,27851,87,95.3,11,Office,BSc,2018,M101,7536,5
E1029,Amal,Finance,Finance Executive,Female,22,Mumbai,11,74260,89,83.4,10,Office,MCA,2025,M110,13261,5
E1030,Nikhil,Finance,Finance Executive,Male,44,Hyderabad,8,65345,79,95.1,9,Hybrid,MSc,2024,M108,16527,6
E1031,Varun,IT,ML Engineer,Female,44,Trivandrum,2,53215,86,96.5,1,Remote,MSc,2022,M109,4914,4
E1032,Fathima,Operations,Operations Executive,Female,33,Chennai,0,39787,73,84.7,12,Office,BTech,2018,M109,4502,7
E1033,Fathima,Operations,Operations Executive,Male,23,Hyderabad,14,83386,79,88.8,5,Office,BTech,2022,M105,23545,5
E1034,Rahul,Operations,Operations Manager,Male,31,Chennai,14,84210,72,99.2,9,Hybrid,MCA,2016,M106,3542,9
E1035,Nikhil,Sales,Sales Executive,Female,40,Kochi,7,75826,61,99.7,4,Hybrid,BSc,2018,M106,28790,6
E1036,Rahul,HR,HR Executive,Male,38,Hyderabad,9,65327,74,78.0,13,Remote,BTech,2022,M101,8530,8
E1037,Varun,Marketing,Marketing Executive,Female,21,Pune,13,70266,60,95.1,13,Office,MSc,2020,M106,29860,6
E1038,Reshma,Marketing,Content Strategist,Male,37,Pune,4,60639,69,86.4,5,Hybrid,BCom,2018,M107,26504,6
E1039,Sneha,Marketing,SEO Analyst,Female,24,Bangalore,9,61870,62,83.8,2,Office,BTech,2019,M106,25486,4
E1040,Fathima,IT,Developer,Male,34,Chennai,0,42779,60,98.7,5,Remote,BTech,2017,M110,21255,9
E1041,Arjun,HR,Recruiter,Male,38,Trivandrum,10,65884,65,89.9,15,Office,BCom,2016,M101,20017,4
E1042,Fathima,Finance,Finance Executive,Female,48,Kochi,14,73780,59,100.0,6,Remote,MSc,2022,M105,5636,8
E1043,Aparna,HR,HR Executive,Female,21,Chennai,9,63694,99,90.2,14,Office,BTech,2023,M102,5419,10
E1044,Rahul,HR,HR Analyst,Female,32,Kochi,9,65914,98,89.0,14,Remote,BTech,2016,M107,13470,8
E1045,Anjali,Sales,Business Development Executive,Female,22,Bangalore,13,84782,84,88.9,3,Remote,MCA,2019,M109,22645,4
E1046,Vishnu,Marketing,Marketing Executive,Female,30,Kochi,13,82674,64,94.2,4,Office,MCA,2021,M105,7569,8
E1047,Rohan,Operations,Operations Manager,Male,45,Trivandrum,10,68435,70,78.8,6,Office,MBA,2018,M102,25161,6
E1048,Diya,Finance,Accountant,Female,41,Pune,4,60003,55,88.4,12,Hybrid,BCom,2017,M101,28329,8
E1049,Kiran,Finance,Financial Analyst,Male,36,Mumbai,8,76608,71,81.9,1,Office,MBA,2019,M108,15013,9
E1050,Anjali,HR,HR Executive,Female,34,Chennai,11,89354,61,92.2,7,Hybrid,MBA,2017,M110,25333,6
E1051,Vishnu,Finance,Financial Analyst,Male,45,Kochi,14,93162,93,77.2,14,Office,BTech,2019,M109,11795,5
E1052,Kiran,Finance,Financial Analyst,Female,35,Kochi,8,76619,98,78.2,9,Office,BCom,2019,M110,17679,5
E1053,Vishnu,Finance,Accountant,Male,41,Pune,7,81311,75,78.8,7,Hybrid,MBA,2023,M107,27736,10
E1054,Meera,Finance,Finance Executive,Female,22,Hyderabad,2,44450,82,97.9,15,Hybrid,BCom,2016,M108,16309,6
E1055,Rohan,Operations,Process Analyst,Male,33,Hyderabad,8,53390,59,79.7,6,Remote,BSc,2016,M104,6208,7
E1056,Neha,IT,Developer,Female,31,Trivandrum,9,80984,90,83.0,3,Office,BCom,2017,M108,2009,8
E1057,Anjali,HR,HR Executive,Male,25,Kochi,11,82447,71,77.9,15,Hybrid,MBA,2016,M105,14219,7
E1058,Rohan,HR,HR Executive,Female,32,Chennai,13,92871,89,98.2,6,Office,MBA,2024,M105,24797,7
E1059,Vishnu,Operations,Operations Manager,Male,34,Bangalore,2,52972,58,82.9,10,Office,MCA,2023,M108,11510,9
E1060,Kiran,Finance,Accountant,Male,37,Kochi,12,98612,56,88.6,8,Remote,MBA,2021,M106,29202,10
E1061,Kiran,Finance,Accountant,Male,40,Pune,7,76171,93,89.3,13,Hybrid,BTech,2016,M105,19334,4
E1062,Diya,Operations,Operations Executive,Female,26,Mumbai,3,48683,85,84.5,13,Remote,MSc,2023,M105,29804,10
E1063,Sanjay,Marketing,Content Strategist,Female,24,Bangalore,11,74689,97,90.0,4,Remote,BCom,2025,M108,12789,9
E1064,Nikhil,HR,Recruiter,Female,45,Kochi,13,66649,94,96.8,12,Office,MSc,2023,M110,29632,7
E1065,Aparna,HR,HR Executive,Female,31,Trivandrum,8,62300,55,77.8,5,Hybrid,BCom,2019,M106,21414,4
E1066,Sneha,IT,ML Engineer,Male,35,Kochi,14,89438,63,80.1,9,Office,MCA,2024,M103,27150,7
E1067,Anjali,IT,ML Engineer,Female,47,Bangalore,9,89571,81,86.3,11,Remote,BSc,2018,M106,14951,4
E1068,Varun,Marketing,Marketing Executive,Male,31,Pune,5,65367,80,75.3,5,Office,BTech,2019,M109,19072,7
E1069,Sneha,Operations,Operations Executive,Male,21,Mumbai,5,58846,84,93.7,11,Remote,BCom,2016,M108,25570,5
E1070,Reshma,IT,Data Analyst,Female,48,Kochi,13,106156,84,89.0,15,Office,MSc,2022,M107,18002,5
E1071,Reshma,HR,HR Analyst,Male,28,Kochi,2,50224,57,80.8,11,Remote,MSc,2023,M106,21694,8
E1072,Aparna,Finance,Financial Analyst,Male,36,Hyderabad,2,48544,91,78.5,14,Remote,MCA,2022,M110,27350,4
E1073,Reshma,Sales,Business Development Executive,Male,35,Mumbai,2,49687,74,83.4,15,Hybrid,MBA,2022,M107,22875,7
E1074,Adithya,Sales,Business Development Executive,Male,32,Chennai,4,44011,76,94.5,1,Hybrid,BCom,2023,M107,22607,4
E1075,Anjali,HR,HR Executive,Male,27,Kochi,2,35639,76,95.9,4,Hybrid,MCA,2017,M107,10996,6
E1076,Adithya,Operations,Process Analyst,Female,37,Mumbai,1,41150,79,87.4,12,Remote,MSc,2025,M106,20458,4
E1077,Akhil,Operations,Process Analyst,Male,37,Bangalore,10,71730,75,84.6,10,Hybrid,MCA,2021,M101,21250,8
E1078,Varun,Marketing,Content Strategist,Male,28,Chennai,2,43405,88,84.9,8,Hybrid,BCom,2020,M108,23792,5
E1079,Varun,Marketing,SEO Analyst,Male,33,Chennai,14,105518,88,90.6,2,Office,BTech,2024,M108,7136,4
E1080,Akhil,IT,ML Engineer,Male,38,Mumbai,12,93568,98,92.4,14,Hybrid,MCA,2018,M105,29691,6
E1081,Varun,Finance,Finance Executive,Female,50,Chennai,0,49713,62,91.0,1,Remote,MSc,2021,M106,7319,4
E1082,Adithya,HR,HR Executive,Female,35,Bangalore,8,69246,70,98.1,7,Hybrid,MSc,2021,M110,18774,9
E1083,Fathima,Sales,Business Development Executive,Male,43,Mumbai,6,55938,72,93.6,4,Remote,MBA,2017,M110,2614,4
E1084,Rahul,Operations,Operations Executive,Male,28,Bangalore,14,110699,77,76.6,15,Office,BSc,2021,M109,9564,5
E1085,Amal,IT,Data Analyst,Female,43,Chennai,15,98617,96,99.8,11,Remote,MSc,2017,M103,9206,9
E1086,Amal,Marketing,Marketing Executive,Female,44,Hyderabad,12,79920,64,77.3,15,Remote,BSc,2020,M101,22144,6
E1087,Meera,Sales,Business Development Executive,Female,25,Kochi,13,68408,55,97.8,15,Office,BTech,2024,M108,11155,7
E1088,Rohan,Finance,Financial Analyst,Male,44,Trivandrum,9,84212,100,90.0,14,Office,MCA,2024,M107,16899,7
E1089,Sanjay,Finance,Accountant,Female,30,Chennai,7,68907,88,84.6,9,Office,MCA,2018,M108,22229,8
E1090,Rahul,Sales,Business Development Executive,Male,49,Chennai,5,58962,96,87.9,2,Hybrid,BTech,2023,M103,9906,9
E1091,Adithya,Sales,Business Development Executive,Male,22,Chennai,7,62966,95,84.8,11,Office,BTech,2018,M109,25265,7
E1092,Vishnu,HR,HR Analyst,Male,22,Hyderabad,8,68640,69,75.1,11,Office,MCA,2017,M106,10228,7
E1093,Reshma,Sales,Sales Executive,Female,50,Mumbai,11,80072,57,83.7,2,Remote,MSc,2016,M106,22695,6
E1094,Rohan,Marketing,Marketing Executive,Male,41,Bangalore,0,36924,90,90.5,6,Remote,MSc,2025,M109,18370,10
E1095,Akhil,HR,HR Analyst,Female,24,Bangalore,9,82890,68,93.9,12,Remote,MCA,2016,M109,4064,10
E1096,Neha,HR,HR Analyst,Female,27,Bangalore,11,60424,95,99.1,15,Remote,BCom,2020,M106,15507,7
E1097,Varun,Marketing,SEO Analyst,Male,30,Pune,1,47757,55,76.4,8,Remote,MCA,2017,M104,27338,6
E1098,Neha,Marketing,Content Strategist,Male,39,Chennai,12,83656,77,86.1,14,Hybrid,MSc,2019,M101,25650,8
E1099,Rohan,IT,Tester,Female,22,Trivandrum,6,63160,68,80.8,11,Remote,MBA,2016,M108,2988,8
E1100,Sanjay,Sales,Sales Executive,Male,23,Chennai,10,70963,55,83.0,6,Remote,MCA,2018,M101,10984,7
E1101,Aparna,HR,HR Executive,Male,49,Mumbai,14,95177,62,94.3,14,Hybrid,BSc,2022,M103,19343,7
E1102,Aparna,Sales,Sales Analyst,Male,50,Pune,7,64390,61,78.1,12,Office,BCom,2024,M106,7109,8
E1103,Rohan,Sales,Sales Executive,Male,28,Mumbai,1,49834,72,92.0,2,Hybrid,BCom,2024,M101,20427,9
E1104,Sanjay,IT,Tester,Male,37,Hyderabad,7,63159,100,78.6,6,Hybrid,BSc,2019,M101,10905,5
E1105,Arjun,Marketing,Marketing Executive,Male,50,Kochi,0,36368,67,77.0,6,Remote,MCA,2021,M107,2089,9
E1106,Diya,HR,HR Analyst,Female,37,Chennai,1,32683,57,97.4,9,Hybrid,BTech,2022,M109,27291,5
E1107,Kiran,Marketing,Content Strategist,Male,27,Chennai,13,90520,74,88.8,6,Hybrid,BCom,2025,M103,25678,4
E1108,Reshma,Marketing,SEO Analyst,Female,43,Hyderabad,9,65875,67,87.0,3,Hybrid,MBA,2022,M104,6780,8
E1109,Amal,Sales,Business Development Executive,Female,38,Chennai,6,74700,76,83.3,8,Office,MBA,2018,M110,10946,6
E1110,Arjun,Sales,Sales Analyst,Female,37,Pune,12,96302,75,93.2,13,Office,BSc,2019,M108,17921,4
E1111,Anjali,Finance,Finance Executive,Female,24,Pune,15,119508,93,81.9,3,Hybrid,BCom,2018,M102,21342,4
E1112,Diya,Finance,Financial Analyst,Female,22,Trivandrum,9,87588,91,96.4,13,Office,BCom,2021,M108,4278,4
E1113,Anjali,Marketing,Content Strategist,Male,25,Trivandrum,1,36553,55,94.3,8,Office,MBA,2025,M103,2629,9
E1114,Adithya,HR,HR Executive,Male,40,Chennai,12,89695,66,92.7,6,Office,MBA,2020,M105,17563,8
E1115,Kiran,IT,ML Engineer,Female,32,Chennai,0,54135,74,81.7,2,Office,MSc,2019,M110,29420,4
E1116,Arjun,Finance,Accountant,Male,34,Hyderabad,5,57890,96,84.9,2,Remote,MBA,2017,M109,25857,8
E1117,Rohan,IT,Data Analyst,Male,32,Pune,6,69114,74,78.1,14,Office,BSc,2017,M110,19275,10
E1118,Sneha,HR,HR Executive,Female,26,Mumbai,4,46718,76,81.4,1,Remote,MCA,2025,M102,17504,5
E1119,Aparna,IT,Tester,Male,21,Chennai,11,88401,85,91.5,5,Office,BTech,2025,M102,7105,9
E1120,Nikhil,IT,Developer,Male,33,Trivandrum,0,52975,95,77.7,2,Office,BCom,2019,M106,6114,9
E1121,Sanjay,HR,HR Executive,Male,21,Pune,1,32944,61,75.1,15,Office,BSc,2025,M107,4190,8
E1122,Varun,Finance,Finance Executive,Female,26,Bangalore,11,89548,65,90.1,14,Hybrid,MCA,2017,M109,11218,8
E1123,Amal,HR,HR Executive,Female,36,Mumbai,7,65504,69,88.3,15,Remote,BCom,2017,M105,2406,6
E1124,Sanjay,Sales,Sales Analyst,Female,41,Mumbai,11,92312,76,79.9,14,Office,BSc,2020,M104,29117,6
E1125,Meera,Sales,Business Development Executive,Female,22,Kochi,14,96995,67,85.3,9,Hybrid,MBA,2022,M110,9052,10
E1126,Meera,IT,Tester,Female,42,Trivandrum,9,72937,55,84.3,13,Hybrid,MBA,2022,M106,25669,8
E1127,Diya,Operations,Operations Executive,Female,47,Mumbai,11,80613,58,81.9,3,Remote,MCA,2024,M102,7010,7
E1128,Amal,HR,Recruiter,Male,43,Mumbai,0,43866,71,79.5,5,Remote,MBA,2022,M110,11160,9
E1129,Anjali,Sales,Sales Analyst,Male,41,Bangalore,12,71701,57,86.1,13,Remote,BTech,2016,M107,13543,7
E1130,Diya,Operations,Operations Manager,Male,34,Hyderabad,2,40331,94,91.1,4,Remote,BTech,2023,M101,12106,9
E1131,Anjali,IT,Tester,Male,32,Chennai,6,65946,86,88.5,6,Hybrid,MBA,2021,M110,9426,9
E1132,Devika,Operations,Process Analyst,Female,46,Hyderabad,1,44381,59,79.4,15,Remote,BTech,2022,M110,20877,9
E1133,Amal,IT,Tester,Female,23,Pune,6,72647,99,78.0,3,Hybrid,MSc,2019,M108,10555,4
E1134,Neha,IT,Data Analyst,Female,28,Trivandrum,13,87819,86,78.2,12,Hybrid,BSc,2017,M104,22960,10
E1135,Anjali,HR,HR Analyst,Male,29,Kochi,12,92936,65,95.6,14,Remote,MCA,2019,M102,6406,9
E1136,Vishnu,Finance,Financial Analyst,Female,35,Kochi,5,60887,96,88.5,13,Remote,BCom,2023,M110,9629,9
E1137,Adithya,Finance,Finance Executive,Male,23,Bangalore,15,92398,81,92.4,2,Hybrid,BSc,2017,M110,7656,5
E1138,Aparna,IT,Developer,Female,36,Pune,12,94030,100,79.4,3,Remote,BTech,2021,M109,7772,8
E1139,Kiran,HR,HR Executive,Female,32,Hyderabad,7,68161,67,98.4,4,Hybrid,MSc,2021,M102,7179,10
E1140,Diya,Finance,Accountant,Female,50,Chennai,14,99705,85,92.4,9,Remote,MBA,2024,M103,7448,7
E1141,Fathima,Operations,Operations Executive,Female,24,Trivandrum,13,81372,94,95.3,7,Office,BSc,2019,M106,21686,5
E1142,Rahul,Sales,Sales Analyst,Male,48,Pune,3,42058,68,79.4,13,Hybrid,MSc,2022,M102,26282,8
E1143,Vishnu,Operations,Operations Executive,Male,41,Bangalore,5,58597,99,99.4,2,Office,MSc,2019,M101,13234,4
E1144,Meera,Marketing,SEO Analyst,Female,36,Hyderabad,10,72769,72,86.9,9,Office,BSc,2021,M110,24548,5
E1145,Adithya,Sales,Sales Executive,Male,22,Hyderabad,0,29016,83,82.0,2,Hybrid,BSc,2023,M105,25835,6
E1146,Varun,HR,HR Analyst,Female,33,Chennai,7,76691,59,93.4,1,Remote,MSc,2023,M108,5456,8
E1147,Sneha,Finance,Financial Analyst,Male,34,Hyderabad,7,78707,65,99.3,3,Remote,MBA,2018,M110,10964,9
E1148,Neha,Operations,Operations Manager,Female,36,Hyderabad,15,103118,71,82.4,8,Office,BTech,2017,M102,27538,4
E1149,Adithya,Marketing,Marketing Executive,Female,43,Pune,13,93301,64,95.0,12,Remote,MCA,2021,M105,8303,10
E1150,Kiran,Marketing,Marketing Executive,Female,38,Trivandrum,1,49927,63,84.3,11,Hybrid,BSc,2025,M109,13889,9
E1151,Amal,Marketing,Content Strategist,Female,37,Mumbai,13,102575,89,91.8,14,Remote,BTech,2024,M102,4196,8
E1152,Sneha,Operations,Process Analyst,Male,43,Hyderabad,4,49009,86,79.4,6,Hybrid,MBA,2024,M106,25387,8
E1153,Kiran,Sales,Sales Analyst,Female,35,Chennai,1,44769,77,96.0,13,Hybrid,MBA,2020,M101,29319,6
E1154,Amal,Operations,Operations Manager,Male,25,Trivandrum,2,41970,62,86.5,8,Office,BSc,2020,M103,18832,7
E1155,Diya,Finance,Accountant,Female,34,Trivandrum,15,110079,81,79.7,9,Office,BTech,2019,M104,16933,5
E1156,Anjali,HR,HR Executive,Male,40,Chennai,9,83748,70,78.7,7,Hybrid,MBA,2020,M110,4179,10
E1157,Rahul,Sales,Business Development Executive,Male,26,Mumbai,3,54500,94,79.5,10,Hybrid,BCom,2019,M109,7036,7
E1158,Vishnu,IT,Tester,Female,43,Hyderabad,6,61736,58,76.3,8,Hybrid,BCom,2017,M103,29835,7
E1159,Nikhil,Finance,Financial Analyst,Female,26,Mumbai,0,45693,85,95.6,3,Office,BSc,2022,M101,27782,4
E1160,Rohan,HR,HR Executive,Female,42,Mumbai,14,94632,87,85.5,4,Remote,MBA,2021,M107,16472,5
E1161,Reshma,Sales,Sales Analyst,Male,31,Kochi,8,61321,84,95.8,13,Hybrid,BTech,2018,M105,19833,6
E1162,Vishnu,Operations,Operations Executive,Male,30,Mumbai,9,66719,90,78.3,4,Hybrid,MCA,2018,M101,4839,4
E1163,Amal,Marketing,Marketing Executive,Male,40,Kochi,5,62664,90,75.3,8,Hybrid,BCom,2021,M107,2162,10
E1164,Diya,Marketing,Marketing Executive,Male,26,Hyderabad,13,72717,63,87.2,8,Remote,BSc,2017,M110,19258,4
E1165,Akhil,Sales,Business Development Executive,Male,35,Bangalore,3,42567,86,91.6,4,Remote,MSc,2025,M110,4539,9
E1166,Vishnu,IT,Tester,Male,39,Chennai,4,61197,79,98.7,12,Office,MSc,2024,M101,9345,8
E1167,Arjun,Marketing,Marketing Executive,Female,49,Mumbai,14,98833,88,85.1,11,Office,BCom,2016,M101,3633,9
E1168,Fathima,Operations,Operations Executive,Female,30,Bangalore,5,62117,70,85.3,13,Remote,BCom,2023,M108,23797,7
E1169,Sanjay,Finance,Finance Executive,Male,27,Mumbai,9,62717,74,88.6,4,Hybrid,BSc,2021,M108,12983,8
E1170,Adithya,Operations,Process Analyst,Female,46,Kochi,3,57125,56,76.6,14,Remote,BSc,2016,M110,11203,6
E1171,Rohan,Operations,Operations Manager,Male,39,Chennai,6,70373,66,88.1,8,Office,BSc,2020,M105,9239,10
E1172,Sneha,IT,Data Analyst,Female,48,Hyderabad,14,104823,60,94.8,7,Remote,MSc,2018,M102,3898,9
E1173,Fathima,IT,ML Engineer,Male,24,Pune,11,79266,60,99.2,3,Office,BSc,2022,M101,27150,8
E1174,Neha,Sales,Business Development Executive,Male,47,Trivandrum,4,42959,81,92.2,3,Office,BSc,2024,M104,26217,9
E1175,Adithya,Operations,Process Analyst,Female,26,Chennai,4,56940,98,99.7,2,Remote,BSc,2024,M105,18087,5
E1176,Fathima,Operations,Operations Executive,Female,44,Bangalore,2,49937,87,81.0,4,Hybrid,BTech,2018,M102,7433,6
E1177,Varun,IT,Developer,Female,31,Pune,6,76391,69,81.3,1,Office,MCA,2017,M103,11127,7
E1178,Rahul,Operations,Process Analyst,Male,35,Pune,8,68294,69,80.3,3,Office,MSc,2020,M104,18013,7
E1179,Rahul,Marketing,Marketing Executive,Male,38,Chennai,0,30392,87,96.9,11,Remote,MBA,2017,M108,8701,9
E1180,Rahul,Operations,Operations Manager,Female,34,Chennai,3,49031,74,75.5,8,Hybrid,MCA,2021,M107,23141,4
E1181,Nikhil,Finance,Finance Executive,Female,29,Chennai,13,89412,73,96.8,14,Hybrid,MSc,2019,M108,12704,9
E1182,Rohan,IT,Developer,Male,29,Chennai,15,123505,68,93.6,4,Remote,BSc,2023,M102,18232,8
E1183,Fathima,Operations,Operations Executive,Female,37,Pune,5,57149,66,89.6,14,Hybrid,MSc,2020,M105,15615,7
E1184,Adithya,Sales,Sales Analyst,Male,22,Kochi,2,45456,62,87.9,15,Hybrid,BSc,2024,M103,28649,7
E1185,Sanjay,Sales,Business Development Executive,Female,45,Mumbai,5,67763,58,91.9,12,Hybrid,BSc,2018,M106,15803,5
E1186,Sneha,HR,HR Analyst,Female,26,Pune,10,75824,79,75.1,13,Hybrid,MCA,2023,M103,21835,5
E1187,Varun,IT,ML Engineer,Female,34,Chennai,8,86956,99,86.9,1,Office,MSc,2021,M101,19709,4
E1188,Arjun,Operations,Process Analyst,Male,41,Mumbai,7,57365,96,82.3,14,Office,BTech,2023,M105,6912,4
E1189,Akhil,IT,ML Engineer,Male,27,Mumbai,7,73050,65,76.1,11,Office,BCom,2016,M108,10210,7
E1190,Fathima,Sales,Sales Executive,Male,46,Trivandrum,4,55059,82,95.5,8,Office,MBA,2022,M107,5760,10
E1191,Meera,Marketing,SEO Analyst,Male,24,Bangalore,1,38214,91,78.0,12,Office,BTech,2025,M103,21086,4
E1192,Anjali,HR,HR Analyst,Male,33,Bangalore,14,80041,68,90.9,6,Office,BTech,2022,M103,21539,9
E1193,Fathima,Finance,Financial Analyst,Female,22,Kochi,4,49898,95,85.6,3,Remote,BTech,2022,M110,7476,8
E1194,Neha,Operations,Operations Executive,Female,31,Bangalore,0,38064,90,91.8,7,Office,MSc,2021,M110,5259,7
E1195,Amal,HR,HR Analyst,Male,43,Chennai,15,100077,86,84.3,9,Hybrid,BSc,2016,M108,14966,5
E1196,Vishnu,Marketing,Marketing Executive,Male,35,Hyderabad,4,43291,73,75.6,12,Hybrid,BSc,2018,M101,13120,9
E1197,Devika,Sales,Business Development Executive,Male,24,Kochi,7,64954,99,99.3,14,Remote,MBA,2019,M110,11370,9
E1198,Diya,Operations,Operations Manager,Female,26,Chennai,10,97296,69,87.2,10,Office,MCA,2020,M110,10315,8
E1199,Adithya,Finance,Accountant,Male,33,Chennai,6,59171,71,84.6,6,Office,MSc,2024,M101,3932,5
E1200,Sanjay,Sales,Sales Analyst,Female,22,Mumbai,5,51098,75,83.6,12,Office,BSc,2022,M104,11714,4
E1201,Rahul,Marketing,Marketing Executive,Male,22,Chennai,14,99238,90,85.0,1,Remote,BSc,2017,M108,11429,4
E1202,Sneha,HR,HR Executive,Male,25,Hyderabad,2,48540,73,78.3,11,Office,MCA,2021,M106,14021,6
E1203,Devika,Marketing,Marketing Executive,Female,46,Hyderabad,4,45111,60,78.7,3,Hybrid,BSc,2019,M106,9166,10
E1204,Kiran,HR,HR Analyst,Male,45,Chennai,3,52857,71,96.6,14,Remote,MCA,2018,M104,11094,8
E1205,Nikhil,Finance,Accountant,Male,37,Kochi,15,114944,86,81.0,15,Hybrid,MBA,2020,M107,21151,5
E1206,Diya,Operations,Process Analyst,Female,50,Mumbai,12,85894,70,95.5,9,Remote,BCom,2024,M103,14306,5
E1207,Rahul,HR,HR Executive,Female,45,Mumbai,0,37886,55,76.7,13,Office,BSc,2024,M101,22131,6
E1208,Meera,HR,Recruiter,Male,26,Chennai,14,88957,89,88.7,14,Office,MSc,2017,M103,7242,9
E1209,Diya,HR,Recruiter,Female,22,Bangalore,7,68709,80,85.1,15,Remote,BSc,2017,M107,4951,10
E1210,Akhil,Operations,Operations Executive,Male,21,Kochi,7,63331,95,80.5,13,Office,MBA,2020,M103,25864,4
E1211,Diya,Operations,Process Analyst,Female,28,Pune,14,115942,74,92.1,14,Hybrid,BSc,2019,M105,16743,10
E1212,Sneha,Operations,Process Analyst,Female,43,Trivandrum,13,94719,68,97.0,8,Hybrid,MBA,2024,M101,26142,4
E1213,Neha,IT,Developer,Male,44,Bangalore,9,82623,62,75.1,5,Office,MSc,2024,M101,7738,6
E1214,Meera,IT,Tester,Female,35,Chennai,10,86493,67,85.6,6,Remote,MSc,2016,M110,10662,5
E1215,Diya,Sales,Sales Analyst,Male,41,Mumbai,0,40992,97,91.7,1,Remote,BTech,2019,M109,11821,4
E1216,Diya,Sales,Sales Executive,Male,42,Trivandrum,3,43054,82,96.6,3,Remote,MCA,2018,M109,11083,10
E1217,Anjali,IT,Tester,Male,29,Pune,12,110495,65,93.3,6,Office,BSc,2022,M102,22360,10
E1218,Amal,Marketing,Marketing Executive,Female,28,Pune,1,49914,55,97.3,12,Remote,MBA,2024,M101,6213,9
E1219,Diya,HR,Recruiter,Male,25,Pune,4,43368,78,96.0,1,Hybrid,MCA,2018,M109,10578,10
E1220,Rohan,Operations,Operations Executive,Female,46,Hyderabad,0,43828,80,91.9,4,Remote,BSc,2016,M108,13867,5
E1221,Kiran,Marketing,SEO Analyst,Male,22,Mumbai,10,77868,60,85.9,5,Office,BTech,2022,M110,20950,7
E1222,Fathima,IT,ML Engineer,Male,24,Mumbai,13,113106,61,97.0,3,Office,MBA,2023,M101,29606,4
E1223,Rahul,Sales,Sales Executive,Male,49,Bangalore,5,59813,88,87.1,15,Remote,BSc,2025,M104,15913,4
E1224,Rohan,Sales,Sales Analyst,Female,48,Pune,7,66074,95,80.1,10,Remote,MCA,2024,M110,17384,5
E1225,Sneha,Finance,Finance Executive,Male,48,Chennai,12,99420,97,95.2,15,Hybrid,BCom,2024,M109,23165,5
E1226,Adithya,HR,HR Analyst,Female,42,Kochi,0,32939,92,88.2,15,Office,MCA,2020,M105,25941,9
E1227,Aparna,Operations,Process Analyst,Female,33,Trivandrum,5,62318,84,89.0,6,Office,BSc,2016,M101,8474,8
E1228,Amal,HR,Recruiter,Male,36,Hyderabad,10,74599,89,87.5,8,Remote,MCA,2024,M105,9186,10
E1229,Sanjay,Operations,Operations Executive,Male,49,Bangalore,5,54124,71,99.0,5,Hybrid,MCA,2022,M108,21596,5
E1230,Arjun,Operations,Operations Manager,Male,37,Chennai,15,111567,74,89.1,6,Office,BCom,2024,M105,24601,7
E1231,Anjali,Sales,Sales Analyst,Female,36,Chennai,11,85865,76,85.7,9,Office,MBA,2025,M104,25816,9
E1232,Akhil,Finance,Accountant,Male,40,Hyderabad,1,39198,84,98.0,1,Remote,MBA,2025,M101,22753,8
E1233,Meera,Marketing,Marketing Executive,Female,21,Bangalore,12,85141,80,98.0,4,Remote,MCA,2024,M109,16212,5
E1234,Adithya,IT,Developer,Female,25,Chennai,0,41772,75,87.9,10,Remote,MBA,2022,M107,8297,8
E1235,Diya,Sales,Sales Analyst,Female,40,Mumbai,13,100857,83,81.4,3,Remote,BCom,2024,M104,18654,6
E1236,Sneha,Sales,Sales Analyst,Male,24,Bangalore,0,44639,83,94.3,10,Remote,MCA,2024,M101,8614,8
E1237,Adithya,Marketing,Marketing Executive,Male,45,Hyderabad,6,53438,60,76.4,10,Remote,BCom,2020,M104,7634,6
E1238,Amal,Operations,Process Analyst,Male,24,Trivandrum,14,106069,95,96.2,7,Hybrid,MCA,2020,M109,27711,6
E1239,Kiran,Finance,Financial Analyst,Female,27,Pune,13,75385,75,88.6,8,Office,MBA,2022,M110,5273,6
E1240,Varun,HR,HR Analyst,Female,30,Pune,14,74254,71,90.0,4,Remote,BTech,2020,M105,4800,4
E1241,Anjali,IT,Tester,Male,27,Chennai,2,57936,60,98.0,7,Hybrid,MSc,2024,M101,21873,6
E1242,Devika,IT,Tester,Male,23,Kochi,12,99797,66,91.8,13,Remote,BTech,2016,M103,11689,10
E1243,Reshma,Marketing,Marketing Executive,Male,31,Hyderabad,15,92384,89,75.3,10,Office,BCom,2017,M107,16211,6
E1244,Sneha,Sales,Sales Analyst,Male,21,Mumbai,2,43914,81,87.1,8,Office,BCom,2018,M103,4763,6
E1245,Aparna,Finance,Finance Executive,Male,38,Trivandrum,9,70317,73,90.7,4,Office,BTech,2020,M105,18523,4
E1246,Aparna,Operations,Operations Executive,Female,44,Chennai,0,41808,87,82.1,9,Remote,BCom,2020,M102,14253,10
E1247,Akhil,Marketing,Content Strategist,Male,34,Trivandrum,0,43395,73,94.6,13,Office,MCA,2025,M109,27991,5
E1248,Neha,Operations,Process Analyst,Male,48,Pune,12,73973,95,93.4,10,Office,BTech,2016,M107,9162,6
E1249,Anjali,HR,Recruiter,Female,42,Bangalore,1,39725,97,89.9,11,Office,BCom,2019,M109,15237,7
E1250,Kiran,Marketing,SEO Analyst,Female,41,Bangalore,2,39744,76,99.1,15,Remote,MCA,2024,M101,25903,9
E1251,Arjun,IT,ML Engineer,Female,45,Bangalore,10,73609,69,80.3,3,Office,MBA,2023,M106,29491,5
E1252,Arjun,Operations,Operations Executive,Male,24,Trivandrum,8,75699,63,86.3,1,Hybrid,BSc,2024,M110,25455,9
E1253,Reshma,Operations,Operations Manager,Female,47,Mumbai,0,47753,79,85.9,15,Office,MBA,2024,M110,4962,7
E1254,Reshma,IT,Tester,Male,28,Trivandrum,10,99649,77,76.3,4,Remote,BTech,2024,M105,20730,5
E1255,Reshma,Finance,Financial Analyst,Female,43,Bangalore,12,75891,72,95.1,3,Remote,MSc,2023,M103,3993,9
E1256,Aparna,IT,Tester,Male,34,Bangalore,6,83452,71,98.0,6,Remote,BTech,2022,M101,22411,7
E1257,Anjali,IT,Developer,Female,31,Chennai,5,68595,92,85.7,4,Hybrid,BSc,2020,M102,26417,10
E1258,Nikhil,Operations,Process Analyst,Female,27,Mumbai,15,93282,97,87.3,4,Remote,BTech,2022,M103,15261,9
E1259,Fathima,HR,HR Executive,Male,37,Bangalore,8,73748,82,91.6,7,Remote,MSc,2019,M103,19186,7
E1260,Diya,Sales,Sales Analyst,Male,41,Mumbai,0,31187,78,94.7,7,Hybrid,MSc,2019,M110,3200,5
E1261,Adithya,HR,Recruiter,Male,33,Chennai,6,61836,93,79.8,6,Office,MCA,2022,M101,8219,10
E1262,Nikhil,Finance,Financial Analyst,Female,35,Trivandrum,13,84204,99,79.1,8,Office,MCA,2020,M106,16955,5
E1263,Rohan,Operations,Process Analyst,Male,34,Bangalore,5,56197,64,90.9,3,Hybrid,BTech,2025,M107,4294,10
E1264,Kiran,Operations,Process Analyst,Female,44,Chennai,14,82497,63,85.4,14,Office,MBA,2018,M110,24702,5
E1265,Nikhil,IT,Data Analyst,Male,22,Mumbai,12,86958,67,92.4,5,Office,MSc,2022,M108,17641,4
E1266,Akhil,Sales,Business Development Executive,Male,27,Mumbai,4,56026,55,75.5,1,Remote,BTech,2018,M105,12655,5
E1267,Adithya,Marketing,Marketing Executive,Male,45,Pune,15,102473,70,80.1,12,Remote,BCom,2024,M107,2717,8
E1268,Rohan,Finance,Accountant,Female,50,Kochi,2,44916,94,75.4,2,Hybrid,BCom,2024,M108,12531,10
E1269,Anjali,Marketing,Marketing Executive,Male,42,Trivandrum,3,43729,74,99.9,11,Hybrid,MSc,2018,M103,18386,9
E1270,Meera,Operations,Operations Manager,Female,40,Chennai,15,83479,85,92.7,11,Hybrid,MBA,2017,M101,17240,7
E1271,Kiran,Marketing,Marketing Executive,Female,28,Kochi,1,46631,91,88.0,14,Remote,MCA,2019,M101,13618,8
E1272,Akhil,Finance,Accountant,Male,48,Pune,15,73763,83,79.0,7,Remote,MBA,2020,M110,27379,5
E1273,Nikhil,Sales,Sales Analyst,Female,36,Chennai,4,48488,94,90.0,2,Hybrid,BCom,2025,M101,22185,5
E1274,Reshma,HR,Recruiter,Female,37,Pune,11,59427,92,88.3,3,Hybrid,MBA,2016,M105,18140,6
E1275,Kiran,Marketing,Content Strategist,Female,43,Trivandrum,6,70450,60,94.7,10,Office,BSc,2016,M108,27344,8
E1276,Kiran,Operations,Operations Executive,Female,44,Pune,5,61554,60,85.7,14,Remote,MSc,2022,M108,6172,9
E1277,Neha,HR,HR Analyst,Female,32,Chennai,1,43909,85,95.0,13,Hybrid,MBA,2018,M101,4850,7
E1278,Fathima,Finance,Accountant,Male,42,Pune,10,77262,85,94.1,2,Office,BSc,2022,M110,13618,6
E1279,Meera,Sales,Sales Executive,Male,39,Chennai,4,58516,56,92.7,11,Office,BSc,2018,M107,24423,6
E1280,Sanjay,Operations,Operations Executive,Female,38,Hyderabad,1,39834,96,92.9,9,Hybrid,MBA,2017,M107,8837,5
E1281,Adithya,Finance,Finance Executive,Male,45,Kochi,4,50472,64,88.9,1,Remote,BSc,2016,M108,11941,5
E1282,Reshma,IT,Tester,Male,43,Chennai,12,111391,97,86.3,8,Hybrid,BSc,2021,M103,9323,5
E1283,Sneha,Operations,Operations Manager,Female,40,Mumbai,12,93086,94,80.8,1,Remote,BCom,2022,M108,27519,6
E1284,Adithya,Sales,Sales Analyst,Male,40,Mumbai,6,60137,96,92.3,15,Remote,BTech,2023,M105,5805,9
E1285,Amal,Marketing,Marketing Executive,Male,30,Pune,11,77902,83,77.1,11,Hybrid,MCA,2022,M110,16113,6
E1286,Kiran,Marketing,Marketing Executive,Female,23,Mumbai,1,46256,94,77.9,12,Remote,MBA,2023,M108,11275,5
E1287,Meera,Marketing,Marketing Executive,Female,42,Hyderabad,0,46351,85,94.4,6,Remote,BCom,2017,M107,14298,7
E1288,Diya,Operations,Process Analyst,Female,23,Hyderabad,15,114858,77,77.1,7,Remote,MCA,2024,M107,12345,8
E1289,Reshma,HR,HR Analyst,Female,28,Kochi,8,56583,69,80.0,15,Remote,MSc,2016,M109,22519,7
E1290,Adithya,HR,HR Analyst,Female,32,Pune,10,77081,73,91.5,9,Remote,MCA,2022,M107,13971,6
E1291,Vishnu,IT,Data Analyst,Male,33,Kochi,15,108512,80,96.7,6,Remote,BTech,2021,M106,24647,7
E1292,Anjali,Sales,Business Development Executive,Female,49,Pune,13,87563,62,89.0,14,Office,BCom,2018,M110,22866,6
E1293,Vishnu,Marketing,SEO Analyst,Female,45,Trivandrum,0,46732,95,81.3,5,Hybrid,BSc,2022,M106,24915,8
E1294,Meera,Sales,Sales Executive,Male,35,Mumbai,14,68186,71,82.3,8,Hybrid,MBA,2022,M108,28375,6
E1295,Varun,HR,HR Executive,Male,36,Trivandrum,14,88508,56,94.0,15,Office,BCom,2022,M102,3756,9
E1296,Fathima,Operations,Operations Manager,Male,28,Chennai,1,49690,69,97.8,10,Remote,MSc,2022,M104,25453,4
E1297,Rahul,IT,ML Engineer,Female,36,Kochi,3,61910,86,76.2,1,Office,BCom,2024,M109,29527,6
E1298,Diya,Operations,Process Analyst,Male,31,Trivandrum,11,76587,97,91.3,1,Hybrid,MSc,2020,M105,26999,10
E1299,Vishnu,Operations,Operations Executive,Female,39,Pune,5,61126,62,94.4,3,Remote,MBA,2023,M101,29796,6
E1300,Akhil,HR,HR Analyst,Male,26,Chennai,14,65316,92,82.4,6,Remote,MSc,2018,M104,13989,5
E1301,Varun,IT,Developer,Female,43,Hyderabad,10,86357,100,94.9,12,Remote,BCom,2023,M108,16330,7
E1302,Amal,IT,Tester,Female,36,Bangalore,9,75229,58,80.0,11,Office,BSc,2023,M107,25181,8
E1303,Diya,IT,Developer,Female,40,Bangalore,14,98701,73,97.6,5,Remote,MCA,2016,M103,14392,8
E1304,Reshma,Marketing,Content Strategist,Female,43,Trivandrum,9,74195,55,86.0,2,Hybrid,MBA,2025,M105,15272,7
E1305,Arjun,IT,Tester,Female,49,Trivandrum,3,58565,100,89.9,14,Office,MSc,2023,M109,29513,8
E1306,Amal,Operations,Operations Manager,Male,24,Chennai,0,38279,72,77.6,3,Hybrid,MBA,2023,M102,12377,4
E1307,Vishnu,Marketing,SEO Analyst,Male,41,Trivandrum,0,34668,91,78.0,13,Hybrid,MSc,2020,M109,29375,5
E1308,Rohan,IT,Tester,Female,32,Trivandrum,7,72427,80,94.7,8,Remote,MSc,2021,M110,20888,10
E1309,Devika,HR,HR Executive,Female,21,Trivandrum,4,57434,76,80.7,15,Office,BTech,2024,M110,8837,5
E1310,Neha,Sales,Sales Analyst,Male,36,Pune,14,85365,71,83.2,10,Office,BTech,2021,M101,22975,9
E1311,Aparna,Sales,Sales Analyst,Female,49,Trivandrum,5,48819,81,94.5,15,Office,MBA,2021,M105,15269,5
E1312,Devika,IT,Data Analyst,Female,47,Bangalore,6,77986,72,83.3,9,Hybrid,BCom,2022,M107,9566,6
E1313,Fathima,Finance,Accountant,Male,37,Trivandrum,14,91932,97,99.1,3,Office,BCom,2025,M105,9023,10
E1314,Fathima,Operations,Process Analyst,Female,33,Bangalore,3,54952,82,88.0,2,Remote,MBA,2021,M108,6887,10
E1315,Nikhil,Finance,Financial Analyst,Female,27,Hyderabad,14,103030,93,90.9,9,Remote,BCom,2025,M106,27233,5
E1316,Rohan,Sales,Business Development Executive,Male,43,Mumbai,4,52561,84,88.5,10,Office,BCom,2019,M107,20437,5
E1317,Adithya,HR,HR Executive,Female,40,Pune,14,88267,57,95.7,11,Office,BSc,2019,M101,2808,6
E1318,Rahul,Sales,Business Development Executive,Male,40,Pune,15,88068,65,86.4,10,Remote,BTech,2022,M101,16448,6
E1319,Sanjay,IT,Developer,Male,25,Trivandrum,8,87513,77,85.4,12,Hybrid,MSc,2023,M109,3609,9
E1320,Adithya,HR,HR Executive,Female,23,Hyderabad,8,70358,88,76.9,11,Remote,MSc,2020,M106,23164,10
E1321,Amal,IT,Developer,Female,38,Pune,15,107886,65,85.5,3,Hybrid,MBA,2020,M110,8799,9
E1322,Fathima,IT,Data Analyst,Female,48,Mumbai,11,81320,58,99.3,2,Hybrid,MBA,2023,M107,20286,10
E1323,Rohan,Operations,Operations Executive,Male,49,Kochi,14,94998,90,95.4,5,Hybrid,BSc,2021,M105,27501,10
E1324,Devika,Operations,Operations Executive,Male,49,Chennai,9,69470,69,84.9,14,Remote,MSc,2025,M105,22543,8
E1325,Neha,Finance,Finance Executive,Female,22,Pune,6,63675,86,92.0,5,Hybrid,BSc,2018,M107,12273,8
E1326,Meera,Finance,Financial Analyst,Female,40,Trivandrum,13,96681,90,78.1,3,Remote,BCom,2021,M104,24766,10
E1327,Reshma,IT,Data Analyst,Male,40,Trivandrum,3,59175,65,84.0,10,Office,BSc,2017,M110,8792,5
E1328,Rahul,Marketing,Marketing Executive,Male,49,Trivandrum,2,46695,73,99.6,2,Remote,BSc,2025,M102,24721,7
E1329,Aparna,IT,ML Engineer,Male,31,Kochi,15,87852,65,88.9,4,Remote,MCA,2017,M101,25776,6
E1330,Diya,Marketing,Content Strategist,Female,30,Hyderabad,15,76954,98,76.5,11,Hybrid,MBA,2018,M103,4537,6
E1331,Devika,IT,Data Analyst,Female,45,Mumbai,5,69984,64,92.3,8,Office,MSc,2023,M109,27973,5
E1332,Devika,Sales,Business Development Executive,Male,47,Kochi,5,55501,70,83.5,10,Office,MCA,2023,M109,23067,5
E1333,Anjali,IT,Tester,Female,27,Hyderabad,9,90227,56,85.7,12,Hybrid,MBA,2017,M109,7197,5
E1334,Diya,Sales,Business Development Executive,Female,25,Bangalore,14,107566,78,83.5,10,Hybrid,BCom,2019,M104,9189,9
E1335,Arjun,Sales,Sales Executive,Female,40,Bangalore,3,40593,92,82.4,13,Remote,MBA,2020,M104,12900,6
E1336,Amal,Operations,Operations Executive,Male,43,Pune,6,71081,61,78.2,15,Office,BTech,2021,M102,9940,8
E1337,Kiran,Finance,Finance Executive,Male,41,Trivandrum,3,44598,89,83.9,3,Hybrid,BCom,2022,M108,14172,6
E1338,Neha,Marketing,Content Strategist,Male,42,Bangalore,2,53896,99,99.7,11,Office,BTech,2019,M107,9754,10
E1339,Rahul,Operations,Process Analyst,Male,21,Trivandrum,7,65782,55,85.1,13,Hybrid,MSc,2018,M101,16466,7
E1340,Amal,Finance,Accountant,Female,29,Trivandrum,4,56523,58,85.6,3,Hybrid,MBA,2024,M106,19883,7
E1341,Sneha,Sales,Business Development Executive,Female,36,Chennai,12,82242,80,82.5,13,Office,BSc,2023,M103,21183,10
E1342,Aparna,Finance,Finance Executive,Female,30,Chennai,11,86284,65,76.0,11,Remote,BCom,2019,M106,15680,5
E1343,Devika,Marketing,SEO Analyst,Male,44,Trivandrum,0,42615,65,97.7,4,Office,BSc,2025,M106,10106,6
E1344,Fathima,Sales,Sales Executive,Male,45,Mumbai,4,39779,58,84.9,1,Remote,BCom,2025,M106,16312,10
E1345,Sanjay,Sales,Sales Executive,Female,34,Pune,6,53109,89,91.5,1,Remote,BCom,2019,M108,17576,6
E1346,Devika,Operations,Process Analyst,Female,43,Kochi,9,73594,96,93.3,1,Hybrid,BTech,2024,M110,19848,10
E1347,Arjun,Sales,Sales Executive,Female,41,Hyderabad,1,45348,88,76.0,4,Remote,BCom,2025,M104,26064,10
E1348,Sneha,Operations,Operations Executive,Female,39,Hyderabad,1,38342,97,89.1,14,Office,MCA,2018,M104,22900,4
E1349,Anjali,Operations,Process Analyst,Female,38,Bangalore,9,72579,61,92.0,15,Hybrid,MCA,2022,M110,8533,9
E1350,Reshma,Marketing,Content Strategist,Female,25,Pune,7,56942,96,87.0,5,Hybrid,BCom,2022,M109,19653,8
E1351,Rohan,Marketing,SEO Analyst,Male,35,Bangalore,6,55568,93,84.5,6,Hybrid,MBA,2022,M102,28347,9
E1352,Rohan,Sales,Sales Analyst,Female,24,Kochi,9,89165,88,95.0,6,Hybrid,BSc,2021,M110,21480,10
E1353,Fathima,IT,ML Engineer,Female,27,Hyderabad,4,62242,86,80.5,7,Office,BTech,2025,M106,8559,8
E1354,Diya,Sales,Sales Analyst,Male,46,Trivandrum,9,67517,61,86.0,15,Remote,MBA,2025,M103,13781,7
E1355,Devika,Operations,Operations Manager,Female,39,Mumbai,12,82197,57,76.8,7,Office,MBA,2024,M105,19400,10
E1356,Varun,Operations,Operations Executive,Female,21,Bangalore,1,46984,97,89.7,8,Office,BTech,2017,M109,28299,5
E1357,Rohan,Operations,Process Analyst,Male,25,Chennai,15,77721,79,78.6,13,Remote,BCom,2017,M109,17451,6
E1358,Devika,Finance,Accountant,Female,34,Kochi,15,87477,88,76.0,10,Hybrid,BCom,2020,M109,14435,9
E1359,Nikhil,HR,Recruiter,Male,32,Trivandrum,14,79284,67,82.0,9,Remote,MBA,2018,M103,11190,8
E1360,Nikhil,HR,HR Executive,Male,39,Chennai,13,85642,76,79.5,6,Remote,MCA,2022,M101,4962,7
E1361,Vishnu,Finance,Financial Analyst,Male,22,Trivandrum,3,52696,89,86.5,6,Office,BCom,2022,M106,16997,7
E1362,Amal,Finance,Finance Executive,Male,42,Mumbai,11,70911,80,97.7,9,Office,BTech,2021,M107,19010,10
E1363,Nikhil,Finance,Finance Executive,Female,43,Trivandrum,10,68555,87,91.4,7,Remote,MBA,2017,M108,6530,5
E1364,Adithya,HR,HR Executive,Male,45,Trivandrum,15,102998,75,93.4,13,Office,BTech,2022,M104,16436,9
E1365,Adithya,Sales,Business Development Executive,Male,45,Mumbai,11,66510,92,77.3,11,Hybrid,MCA,2023,M103,7622,8
E1366,Varun,Finance,Accountant,Female,33,Chennai,0,45433,55,79.9,13,Office,BSc,2017,M109,28337,8
E1367,Sanjay,Finance,Accountant,Male,30,Chennai,6,59681,87,81.7,12,Remote,MCA,2017,M109,18252,8
E1368,Adithya,Operations,Operations Manager,Male,30,Bangalore,4,54865,84,92.9,2,Office,BTech,2019,M108,12860,4
E1369,Rahul,HR,HR Executive,Female,25,Trivandrum,3,43647,59,89.1,2,Remote,MCA,2019,M110,9788,5
E1370,Fathima,Sales,Sales Analyst,Female,29,Pune,14,72690,65,80.5,13,Hybrid,MSc,2019,M108,14940,7
E1371,Akhil,Sales,Business Development Executive,Female,44,Hyderabad,9,66791,77,90.5,7,Office,MSc,2025,M103,20628,10
E1372,Varun,IT,Developer,Female,45,Mumbai,14,88813,93,90.8,7,Hybrid,MBA,2025,M103,4933,7
E1373,Sanjay,Sales,Business Development Executive,Male,50,Kochi,2,44597,58,94.9,12,Remote,MBA,2022,M101,7586,9
E1374,Fathima,Marketing,Content Strategist,Female,37,Trivandrum,6,62905,99,96.5,11,Hybrid,MCA,2019,M109,19297,10
E1375,Varun,Operations,Process Analyst,Female,31,Bangalore,12,85790,88,76.6,11,Hybrid,MSc,2018,M110,19071,8
E1376,Sneha,Operations,Operations Manager,Female,36,Pune,7,69147,61,78.3,1,Office,BCom,2019,M103,18762,6
E1377,Neha,Operations,Operations Manager,Female,43,Kochi,12,68843,65,91.9,1,Hybrid,BSc,2020,M109,24202,10
E1378,Rahul,IT,Tester,Male,50,Chennai,2,57599,68,91.8,13,Office,BTech,2023,M104,16998,5
E1379,Kiran,HR,Recruiter,Male,35,Bangalore,5,48539,90,80.8,15,Remote,BCom,2024,M102,2983,8
E1380,Anjali,Operations,Process Analyst,Male,32,Pune,3,49972,83,88.0,6,Remote,MSc,2022,M109,23029,9
E1381,Aparna,Finance,Accountant,Female,50,Mumbai,5,71333,74,85.6,5,Hybrid,MBA,2020,M102,21065,4
E1382,Anjali,Finance,Accountant,Male,22,Pune,0,41633,60,82.8,9,Office,MSc,2019,M103,29812,4
E1383,Anjali,Sales,Sales Analyst,Male,26,Chennai,9,70872,100,96.9,7,Office,BTech,2016,M108,9299,7
E1384,Arjun,Sales,Business Development Executive,Male,43,Hyderabad,1,43504,60,77.7,2,Remote,MCA,2025,M108,11271,4
E1385,Nikhil,Sales,Sales Executive,Male,31,Trivandrum,7,56528,96,96.9,2,Remote,BCom,2018,M110,6961,5
E1386,Reshma,Marketing,SEO Analyst,Male,28,Pune,2,45627,76,94.6,4,Hybrid,BTech,2019,M102,4410,8
E1387,Kiran,Sales,Business Development Executive,Male,44,Chennai,9,74203,60,83.4,8,Remote,BCom,2023,M101,18053,4
E1388,Akhil,IT,ML Engineer,Female,45,Trivandrum,7,79043,89,84.1,13,Hybrid,MBA,2019,M103,8568,5
E1389,Reshma,HR,HR Analyst,Female,37,Pune,0,29159,68,91.9,15,Hybrid,BCom,2018,M108,3910,6
E1390,Vishnu,IT,Developer,Male,21,Chennai,11,86812,75,96.5,12,Remote,MSc,2021,M108,25065,7
E1391,Rohan,IT,Developer,Male,47,Trivandrum,3,55078,61,80.0,7,Remote,MCA,2019,M107,23087,6
E1392,Amal,HR,Recruiter,Female,29,Hyderabad,9,86649,55,78.9,5,Hybrid,BCom,2018,M102,19285,8
E1393,Amal,IT,ML Engineer,Female,21,Trivandrum,6,67516,90,79.5,11,Office,MSc,2017,M107,16201,4
E1394,Rahul,Operations,Operations Manager,Male,43,Mumbai,6,62234,88,86.3,9,Remote,MBA,2025,M102,5114,10
E1395,Neha,IT,ML Engineer,Female,27,Bangalore,0,49951,88,92.2,5,Hybrid,BSc,2016,M101,12313,6
E1396,Fathima,HR,HR Executive,Female,35,Pune,2,52041,81,92.8,14,Remote,MCA,2025,M102,23118,7
E1397,Arjun,HR,HR Analyst,Female,45,Mumbai,6,69990,97,77.2,9,Office,BCom,2023,M101,6823,8
E1398,Adithya,IT,Tester,Male,37,Mumbai,1,53408,84,80.1,11,Office,MSc,2017,M107,19308,5
E1399,Fathima,Sales,Sales Executive,Male,38,Kochi,0,42865,63,97.3,13,Remote,BSc,2017,M104,25927,10
E1400,Kiran,Finance,Finance Executive,Male,48,Mumbai,11,97400,73,77.2,10,Office,MCA,2025,M101,24865,8
E1401,Sanjay,Finance,Accountant,Female,21,Hyderabad,1,48565,57,85.8,7,Hybrid,MBA,2023,M104,9011,8
E1402,Fathima,Operations,Operations Executive,Female,50,Kochi,6,59425,79,85.0,10,Office,BSc,2021,M104,15647,10
E1403,Arjun,IT,Data Analyst,Male,33,Hyderabad,13,86143,57,99.2,13,Hybrid,MBA,2017,M101,27739,5
E1404,Anjali,Marketing,SEO Analyst,Male,48,Hyderabad,0,32941,94,76.0,9,Remote,MSc,2022,M101,17613,7
E1405,Rahul,HR,HR Analyst,Female,28,Bangalore,3,45098,90,85.5,3,Hybrid,BSc,2021,M104,18661,5
E1406,Sanjay,Marketing,Content Strategist,Female,36,Chennai,3,53598,60,80.2,5,Remote,MSc,2022,M105,8666,10
E1407,Adithya,Finance,Finance Executive,Male,49,Pune,9,63670,71,88.0,8,Office,BTech,2021,M108,3641,8
E1408,Amal,Finance,Financial Analyst,Female,43,Pune,6,65239,88,76.3,10,Office,BTech,2018,M103,22224,7
E1409,Meera,Marketing,SEO Analyst,Male,39,Bangalore,9,70484,66,94.1,2,Hybrid,MSc,2018,M109,29518,7
E1410,Meera,IT,Data Analyst,Male,40,Hyderabad,1,55049,83,84.6,13,Hybrid,BCom,2017,M105,11045,8
E1411,Akhil,Marketing,Marketing Executive,Male,46,Pune,1,44260,92,75.9,12,Hybrid,BSc,2025,M107,11661,5
E1412,Neha,Operations,Operations Manager,Female,44,Mumbai,0,39433,60,90.4,14,Remote,BTech,2017,M108,4779,4
E1413,Diya,Marketing,SEO Analyst,Male,40,Bangalore,15,106938,86,99.5,9,Remote,MCA,2024,M104,18615,9
E1414,Arjun,Sales,Sales Executive,Female,38,Trivandrum,14,83899,87,84.8,4,Remote,MBA,2017,M106,6497,9
E1415,Diya,Operations,Operations Manager,Female,37,Chennai,7,76147,56,99.3,4,Office,MSc,2023,M109,18195,5
E1416,Fathima,Finance,Accountant,Female,44,Bangalore,1,45385,62,79.3,5,Hybrid,BCom,2021,M103,28396,6
E1417,Amal,HR,Recruiter,Male,32,Hyderabad,7,56737,72,84.4,6,Hybrid,MSc,2022,M110,21543,7
E1418,Vishnu,Operations,Operations Executive,Male,31,Bangalore,11,73130,67,81.8,14,Hybrid,MCA,2023,M107,7159,7
E1419,Meera,Finance,Accountant,Female,21,Hyderabad,14,88147,65,92.4,13,Office,MSc,2020,M101,22698,10
E1420,Meera,Sales,Sales Analyst,Male,30,Kochi,6,62410,98,86.1,5,Office,BSc,2024,M105,29573,7
E1421,Anjali,Operations,Operations Executive,Male,30,Mumbai,11,60455,68,77.5,6,Office,BTech,2022,M108,17464,8
E1422,Kiran,Finance,Financial Analyst,Male,25,Mumbai,9,77374,73,81.1,10,Hybrid,BSc,2017,M108,9448,10
E1423,Reshma,Marketing,Content Strategist,Male,50,Trivandrum,1,50899,88,93.9,4,Office,BTech,2017,M110,5407,7
E1424,Varun,Marketing,Content Strategist,Male,44,Chennai,4,46371,100,97.1,7,Hybrid,BTech,2021,M107,3173,7
E1425,Akhil,IT,ML Engineer,Female,37,Trivandrum,10,75515,85,87.7,15,Remote,MBA,2017,M107,13991,4
E1426,Meera,Marketing,SEO Analyst,Female,50,Hyderabad,9,72910,57,92.4,6,Hybrid,BTech,2017,M107,7755,4
E1427,Amal,Marketing,Content Strategist,Female,43,Pune,6,60803,74,76.4,12,Office,MSc,2016,M102,28660,8
E1428,Aparna,Finance,Financial Analyst,Female,24,Hyderabad,13,81833,73,86.8,7,Office,BSc,2020,M104,26058,5
E1429,Diya,HR,HR Executive,Male,27,Mumbai,4,50281,64,81.4,11,Remote,MSc,2023,M101,25131,4
E1430,Varun,Operations,Operations Executive,Male,25,Bangalore,4,53104,85,85.4,8,Hybrid,MBA,2018,M104,18012,9
E1431,Varun,IT,Tester,Female,32,Bangalore,13,105610,85,97.2,1,Remote,MCA,2020,M108,29885,10
E1432,Vishnu,Marketing,Marketing Executive,Female,35,Pune,3,47926,83,95.6,1,Office,MSc,2018,M110,22756,6
E1433,Nikhil,IT,Data Analyst,Male,43,Hyderabad,7,78658,98,77.2,5,Remote,BCom,2018,M105,7616,10
E1434,Sanjay,IT,Tester,Male,42,Trivandrum,0,50514,96,99.0,4,Office,BTech,2017,M104,15330,4
E1435,Akhil,Sales,Sales Executive,Male,24,Mumbai,6,61883,58,99.4,5,Hybrid,BSc,2019,M108,28908,4
E1436,Vishnu,Marketing,SEO Analyst,Female,45,Chennai,2,42483,66,78.3,14,Remote,MBA,2022,M101,23120,10
E1437,Rahul,Marketing,SEO Analyst,Male,39,Mumbai,8,78683,66,92.6,5,Office,MSc,2016,M110,3070,6
E1438,Reshma,Finance,Financial Analyst,Female,47,Hyderabad,15,97245,72,91.4,1,Office,MCA,2023,M106,3502,9
E1439,Neha,HR,HR Analyst,Male,29,Chennai,6,63453,63,81.1,15,Remote,MBA,2017,M105,7517,7
E1440,Amal,Operations,Process Analyst,Male,34,Pune,3,48681,85,81.8,4,Office,BCom,2022,M104,26014,4
E1441,Amal,IT,Data Analyst,Male,32,Bangalore,6,70790,96,82.7,12,Remote,MCA,2017,M110,24990,9
E1442,Akhil,Marketing,SEO Analyst,Male,39,Hyderabad,9,76391,93,91.9,6,Hybrid,BCom,2025,M103,10061,5
E1443,Vishnu,Marketing,SEO Analyst,Female,23,Chennai,14,88271,76,91.9,3,Remote,MSc,2016,M107,11484,5
E1444,Neha,Marketing,Content Strategist,Male,30,Kochi,9,71639,81,87.7,5,Hybrid,BSc,2023,M103,22738,7
E1445,Rahul,IT,ML Engineer,Female,32,Kochi,4,55451,94,77.3,14,Hybrid,MSc,2021,M101,15731,4
E1446,Nikhil,Finance,Financial Analyst,Female,48,Chennai,0,35817,80,86.1,11,Remote,MBA,2018,M110,20827,8
E1447,Nikhil,Marketing,Marketing Executive,Female,30,Kochi,6,61240,94,85.8,13,Remote,MBA,2023,M105,27098,9
E1448,Devika,Sales,Business Development Executive,Male,28,Trivandrum,7,63948,65,86.2,13,Hybrid,BCom,2024,M104,12680,5
E1449,Nikhil,HR,HR Analyst,Female,49,Trivandrum,15,117161,81,90.5,6,Hybrid,BCom,2019,M109,21790,7
E1450,Reshma,IT,ML Engineer,Male,27,Bangalore,12,94692,92,77.1,5,Hybrid,MBA,2025,M110,17994,7
E1451,Anjali,HR,Recruiter,Female,33,Kochi,6,55794,70,77.7,7,Office,MSc,2019,M108,5933,5
E1452,Kiran,Sales,Sales Executive,Male,26,Mumbai,10,89487,77,95.5,5,Remote,MCA,2018,M109,26127,8
E1453,Rahul,Operations,Operations Executive,Female,31,Kochi,12,88433,92,92.4,11,Office,MSc,2022,M106,5117,5
E1454,Arjun,Finance,Finance Executive,Male,23,Trivandrum,3,48335,82,99.6,9,Remote,BCom,2019,M103,12942,6
E1455,Diya,HR,HR Executive,Male,22,Bangalore,1,32632,92,98.2,10,Hybrid,BSc,2019,M106,28708,4
E1456,Diya,Operations,Operations Executive,Female,46,Mumbai,15,95590,75,91.6,6,Remote,BSc,2025,M108,17620,9
E1457,Vishnu,Finance,Finance Executive,Female,35,Trivandrum,15,93427,67,86.2,7,Remote,MSc,2017,M106,12394,9
E1458,Rohan,HR,HR Executive,Male,27,Pune,9,64150,75,81.4,6,Remote,MSc,2023,M104,4311,5
E1459,Fathima,Operations,Operations Executive,Male,50,Bangalore,14,100854,64,89.6,4,Office,BCom,2020,M106,19222,10
E1460,Fathima,IT,Data Analyst,Male,34,Mumbai,7,68138,87,88.5,9,Remote,MBA,2023,M110,19948,6
E1461,Akhil,IT,Data Analyst,Female,29,Chennai,10,78957,100,82.6,9,Office,MBA,2016,M107,25369,5
E1462,Rahul,Marketing,SEO Analyst,Male,46,Pune,8,77172,56,76.8,2,Remote,MCA,2021,M105,29027,10
E1463,Adithya,Marketing,Content Strategist,Male,34,Trivandrum,0,43036,65,80.4,12,Office,MCA,2016,M108,29134,5
E1464,Sneha,Finance,Finance Executive,Male,39,Pune,7,77384,69,78.9,9,Hybrid,MBA,2016,M110,19987,6
E1465,Adithya,Sales,Business Development Executive,Female,43,Trivandrum,2,48206,93,97.9,7,Office,MCA,2016,M105,18559,10
E1466,Meera,HR,Recruiter,Male,24,Hyderabad,8,73038,67,82.5,8,Remote,BCom,2021,M104,4040,10
E1467,Arjun,IT,Developer,Female,39,Pune,15,107877,78,91.1,4,Office,MSc,2019,M104,28691,7
E1468,Anjali,Marketing,Marketing Executive,Female,32,Trivandrum,4,54933,93,77.6,10,Office,BTech,2018,M109,8622,9
E1469,Aparna,IT,ML Engineer,Male,23,Bangalore,4,57353,93,78.3,3,Hybrid,MBA,2024,M103,15434,8
E1470,Akhil,HR,Recruiter,Male,32,Chennai,15,102589,59,94.1,10,Hybrid,MBA,2016,M105,15100,5
E1471,Meera,IT,Data Analyst,Male,50,Kochi,0,44067,83,90.8,14,Office,BCom,2023,M110,16670,8
E1472,Varun,Marketing,Content Strategist,Female,31,Pune,1,38813,57,85.1,14,Hybrid,BCom,2025,M102,28131,5
E1473,Aparna,IT,Developer,Female,40,Mumbai,8,78723,62,87.6,12,Office,BCom,2020,M109,12473,4
E1474,Amal,Operations,Operations Executive,Male,46,Kochi,2,39243,84,77.3,2,Hybrid,MBA,2019,M109,13954,8
E1475,Adithya,Marketing,SEO Analyst,Male,42,Kochi,2,56570,98,78.0,12,Remote,MCA,2017,M105,10249,5
E1476,Rohan,Marketing,Content Strategist,Male,22,Mumbai,9,63298,84,76.8,6,Hybrid,MBA,2018,M110,18696,9
E1477,Varun,Sales,Business Development Executive,Female,37,Hyderabad,5,52391,56,81.2,2,Hybrid,MCA,2020,M104,2615,7
E1478,Reshma,Operations,Operations Manager,Male,49,Hyderabad,11,69413,84,87.7,9,Remote,BTech,2018,M104,17847,4
E1479,Sneha,Finance,Financial Analyst,Male,50,Chennai,4,54758,96,93.8,12,Office,BTech,2018,M105,16290,4
E1480,Diya,HR,HR Executive,Male,37,Bangalore,15,86301,59,81.5,13,Office,MBA,2022,M101,3770,5
E1481,Nikhil,HR,HR Analyst,Male,46,Kochi,4,43403,92,82.3,6,Hybrid,MCA,2021,M110,13479,5
E1482,Diya,Finance,Accountant,Male,50,Mumbai,8,75035,60,95.8,6,Hybrid,MCA,2022,M103,5981,9
E1483,Nikhil,Finance,Accountant,Male,30,Mumbai,6,62795,63,79.1,2,Office,MSc,2017,M103,3209,5
E1484,Neha,Finance,Finance Executive,Female,37,Chennai,5,67261,57,85.7,9,Office,MBA,2024,M104,19348,4
E1485,Nikhil,Finance,Accountant,Female,25,Mumbai,11,83721,70,99.7,3,Hybrid,BSc,2022,M110,2028,6
E1486,Diya,Operations,Operations Executive,Male,36,Bangalore,14,90216,86,83.5,2,Remote,MCA,2021,M103,9399,5
E1487,Fathima,Sales,Sales Executive,Male,23,Pune,2,47041,80,97.5,6,Remote,MSc,2024,M101,19812,6
E1488,Amal,HR,HR Executive,Male,47,Bangalore,10,57041,57,95.6,12,Hybrid,BCom,2021,M107,21613,8
E1489,Rahul,IT,ML Engineer,Male,22,Trivandrum,4,56252,87,81.8,14,Office,MBA,2022,M109,6071,4
E1490,Vishnu,Finance,Accountant,Male,49,Hyderabad,2,43936,92,91.7,9,Hybrid,BTech,2025,M106,11896,4
E1491,Nikhil,Finance,Finance Executive,Female,36,Kochi,0,37868,89,88.0,5,Hybrid,BCom,2022,M109,25214,9
E1492,Sneha,Finance,Financial Analyst,Male,28,Bangalore,11,79861,74,88.7,2,Office,MSc,2025,M107,24104,9
E1493,Amal,Operations,Operations Executive,Female,38,Trivandrum,7,65707,67,99.0,2,Remote,BSc,2016,M105,14501,4
E1494,Reshma,HR,HR Analyst,Female,46,Mumbai,7,56763,70,86.3,10,Hybrid,MSc,2022,M105,27008,4
E1495,Rohan,IT,Developer,Female,34,Mumbai,4,67238,74,89.6,5,Remote,MSc,2017,M107,16781,9
E1496,Varun,IT,ML Engineer,Male,26,Chennai,6,73438,91,88.2,9,Hybrid,MCA,2023,M105,17882,6
E1497,Varun,HR,HR Analyst,Female,23,Bangalore,12,82773,70,88.8,12,Remote,BTech,2020,M102,10106,7
E1498,Adithya,IT,Tester,Male,49,Pune,15,106371,57,87.2,7,Office,BTech,2020,M106,4860,5
E1499,Akhil,Sales,Business Development Executive,Male,46,Trivandrum,9,65049,78,79.7,13,Hybrid,BTech,2023,M104,29391,5
E1500,Aparna,Sales,Business Development Executive,Male,46,Kochi,14,101537,89,99.7,4,Hybrid,MCA,2021,M103,7021,8
E1309,Devika,HR,HR Executive,Female,21,Trivandrum,4,57434,76,80.7,15,Office,BTech,2024,M110,8837,5
E1014,Arjun,Finance,Finance Executive,Female,28,Kochi,3,54382,65,83.5,9,Hybrid,BCom,2025,M103,18646,7
E1415,Diya,Operations,Operations Manager,Female,37,Chennai,7,76147,56,99.3,4,Office,MSc,2023,M109,18195,5
E1033,Fathima,Operations,Operations Executive,Male,23,Hyderabad,14,83386,79,88.8,5,Office,BTech,2022,M105,23545,5
E1461,Akhil,IT,Data Analyst,Female,29,Chennai,10,78957,100,82.6,9,Office,MBA,2016,M107,25369,5
